{
  "project_info": {
    "project_number": "251681123355",
    "firebase_url": "https://flare-itera.firebaseio.com",
    "project_id": "flare-itera",
    "storage_bucket": "flare-itera.appspot.com"
  },
  "client": [
    {
      "client_info": {
        "mobilesdk_app_id": "1:251681123355:android:05d5cdadde024919",
        "android_client_info": {
          "package_name": "com.example.myflarebeta"
        }
      },
      "oauth_client": [
        {
          "client_id": "251681123355-3k82id3bmsonms2c347u0l7bg4v83jet.apps.googleusercontent.com",
          "client_type": 1,
          "android_info": {
            "package_name": "com.example.myflarebeta",
            "certificate_hash": "ded4b3978ee0c8e919e7f355cae2d5e1774bb663"
          }
        },
        {
          "client_id": "251681123355-ne0t0i534844j9kg3e4prh21hl5sfm5f.apps.googleusercontent.com",
          "client_type": 3
        }
      ],
      "api_key": [
        {
          "current_key": "AIzaSyBDz6668-dR6beoTVE6FagnDGysuN1Eaeg"
        }
      ],
      "services": {
        "appinvite_service": {
          "other_platform_oauth_client": [
            {
              "client_id": "251681123355-ne0t0i534844j9kg3e4prh21hl5sfm5f.apps.googleusercontent.com",
              "client_type": 3
            }
          ]
        }
      }
    }
  ],
  "configuration_version": "1"
}